{
  "project_info": {
    "project_number": "48487060540",
    "firebase_url": "https://management-57344.firebaseio.com",
    "project_id": "management-57344",
    "storage_bucket": "management-57344.appspot.com"
  },
  "client": [
    {
      "client_info": {
        "mobilesdk_app_id": "1:48487060540:android:e64c908f13c419761bdf39",
        "android_client_info": {
          "package_name": "com.example.gouravsproject"
        }
      },
      "oauth_client": [
        {
          "client_id": "48487060540-lo07kb0ge586pn6bp804ds6sda8pr870.apps.googleusercontent.com",
          "client_type": 1,
          "android_info": {
            "package_name": "com.example.gouravsproject",
            "certificate_hash": "6f3e0561e8339918a59231ffddf6bb5206a29bdf"
          }
        },
        {
          "client_id": "48487060540-itu00ni6trlgdmi5r897d6hmjonr37fg.apps.googleusercontent.com",
          "client_type": 3
        }
      ],
      "api_key": [
        {
          "current_key": "AIzaSyDdwxUofBpA39hZfSf03HPQWT8q2p74dDg"
        }
      ],
      "services": {
        "appinvite_service": {
          "other_platform_oauth_client": [
            {
              "client_id": "48487060540-itu00ni6trlgdmi5r897d6hmjonr37fg.apps.googleusercontent.com",
              "client_type": 3
            }
          ]
        }
      }
    }
  ],
  "configuration_version": "1"
}